id,name_en,group,resolved_file,match_method,grade,has_case_report
255,AlphaLipoicAcid,สมุนไพร/เสริมอาหาร,AlphaLipoicAcid.nxml,exact,E,no
256,Arecacatechu,สมุนไพร/เสริมอาหาร,Arecacatechu.nxml,exact,-,no
257,ArnicaMontana,สมุนไพร/เสริมอาหาร,ArnicaMontana.nxml,exact,E,no
258,Arsenic,สมุนไพร/เสริมอาหาร,Arsenic.nxml,exact,-,yes
259,Ashwagandha,สมุนไพร/เสริมอาหาร,Ashwagandha.nxml,exact,B,no
260,Astragalus,สมุนไพร/เสริมอาหาร,Astragalus.nxml,exact,E,no
261,Bacopa,สมุนไพร/เสริมอาหาร,Bacopa.nxml,exact,E,no
262,Berberine,สมุนไพร/เสริมอาหาร,Berberine.nxml,exact,E,no
263,Betaine,สมุนไพร/เสริมอาหาร,Betaine.nxml,exact,E,no
264,Bilberry,สมุนไพร/เสริมอาหาร,Bilberry.nxml,exact,E,no
265,Bismuth,สมุนไพร/เสริมอาหาร,Bismuth.nxml,exact,E,no
266,BitterMelon,สมุนไพร/เสริมอาหาร,BitterMelon.nxml,exact,E,no
267,BlackCumin,สมุนไพร/เสริมอาหาร,BlackCumin.nxml,exact,E,no
268,Boswellia,สมุนไพร/เสริมอาหาร,Boswellia.nxml,exact,E,no
269,Bromelain,สมุนไพร/เสริมอาหาร,Bromelain.nxml,exact,E,no
270,Buchu,สมุนไพร/เสริมอาหาร,Buchu.nxml,exact,D,yes
271,Butterbur,สมุนไพร/เสริมอาหาร,Butterbur.nxml,exact,C,no
272,Cannabidiol,สมุนไพร/เสริมอาหาร,Cannabidiol.nxml,exact,E*,no
273,Cascara,สมุนไพร/เสริมอาหาร,Cascara.nxml,exact,-,no
274,CatsClaw,สมุนไพร/เสริมอาหาร,CatsClaw.nxml,exact,E,no
275,Celandine,สมุนไพร/เสริมอาหาร,Celandine.nxml,exact,-,yes
276,Chamomile,สมุนไพร/เสริมอาหาร,Chamomile.nxml,exact,E,no
277,Chaparral,สมุนไพร/เสริมอาหาร,Chaparral.nxml,exact,B,yes
278,ChasteTree,สมุนไพร/เสริมอาหาร,ChasteTree.nxml,exact,E,no
279,Cocaine,สมุนไพร/เสริมอาหาร,Cocaine.nxml,exact,-,yes
280,Comfrey,สมุนไพร/เสริมอาหาร,Comfrey.nxml,exact,C,no
281,Copper,สมุนไพร/เสริมอาหาร,Copper.nxml,exact,-,no
282,CoQ10,สมุนไพร/เสริมอาหาร,CoQ10.nxml,exact,E,no
283,Cordyceps,สมุนไพร/เสริมอาหาร,Cordyceps.nxml,exact,E,no
284,Cranberry,สมุนไพร/เสริมอาหาร,Cranberry.nxml,exact,E,no
285,Dihydromyricetin,สมุนไพร/เสริมอาหาร,Dihydromyricetin.nxml,exact,E,no
286,Dragonsbld,สมุนไพร/เสริมอาหาร,Dragonsbld.nxml,exact,E,no
287,Echinacea,สมุนไพร/เสริมอาหาร,Echinacea.nxml,exact,D,no
288,Ephedra,สมุนไพร/เสริมอาหาร,Ephedra.nxml,exact,-,yes
289,Eugenol,สมุนไพร/เสริมอาหาร,Eugenol.nxml,exact,-,no
290,Fenugreek,สมุนไพร/เสริมอาหาร,Fenugreek.nxml,exact,E,no
291,Flavocoxid,สมุนไพร/เสริมอาหาร,Flavocoxid.nxml,exact,C,yes
292,GarciniaCambogia,สมุนไพร/เสริมอาหาร,GarciniaCambogia.nxml,exact,B,yes
293,Germander,สมุนไพร/เสริมอาหาร,Germander.nxml,exact,A,no
294,Ginkgo,สมุนไพร/เสริมอาหาร,Ginkgo.nxml,exact,E,no
295,Ginseng,สมุนไพร/เสริมอาหาร,Ginseng.nxml,exact,E,no
296,Glucosamine,สมุนไพร/เสริมอาหาร,Glucosamine.nxml,exact,D,yes
297,GrapeSeed,สมุนไพร/เสริมอาหาร,GrapeSeed.nxml,exact,E,no
298,Guarana,สมุนไพร/เสริมอาหาร,Guarana.nxml,exact,E,no
299,Gymnema,สมุนไพร/เสริมอาหาร,Gymnema.nxml,exact,D,yes
300,Hawthorn,สมุนไพร/เสริมอาหาร,Hawthorn.nxml,exact,E,no
301,Herbalife,สมุนไพร/เสริมอาหาร,Herbalife.nxml,exact,A,yes
302,Heroin/Opium,สมุนไพร/เสริมอาหาร,HerionOpium.nxml,fuzzy,-,no
303,Hoodia,สมุนไพร/เสริมอาหาร,Hoodia.nxml,exact,E,no
304,Hops,สมุนไพร/เสริมอาหาร,Hops.nxml,exact,E,no
305,HornyGoatWeed,สมุนไพร/เสริมอาหาร,HornyGoatWeed.nxml,exact,E,no
306,HorseChestnut,สมุนไพร/เสริมอาหาร,HorseChestnut.nxml,exact,D,no
307,Horsetail,สมุนไพร/เสริมอาหาร,Horsetail.nxml,exact,C,yes
308,Hyssop,สมุนไพร/เสริมอาหาร,Hyssop.nxml,exact,E,no
309,Iron,สมุนไพร/เสริมอาหาร,Iron.nxml,exact,-,yes
310,JinBuHuan,สมุนไพร/เสริมอาหาร,JinBuHuan.nxml,exact,-,yes
311,KavaKava,สมุนไพร/เสริมอาหาร,KavaKava.nxml,exact,A,no
312,Kelp,สมุนไพร/เสริมอาหาร,Kelp.nxml,exact,-,no
313,Khat,สมุนไพร/เสริมอาหาร,Khat.nxml,exact,B,yes
314,Kratom,สมุนไพร/เสริมอาหาร,Kratom.nxml,exact,-,no
315,L-Glutamine,สมุนไพร/เสริมอาหาร,L-Glutamine.nxml,exact,E,no
316,Lavender,สมุนไพร/เสริมอาหาร,Lavender.nxml,exact,E,no
317,LemonBalm,สมุนไพร/เสริมอาหาร,LemonBalm.nxml,exact,E,no
318,Licorice,สมุนไพร/เสริมอาหาร,Licorice.nxml,exact,E,no
319,Lingzhi,สมุนไพร/เสริมอาหาร,Lingzhi.nxml,exact,D,no
320,LionsMane,สมุนไพร/เสริมอาหาร,LionsMane.nxml,exact,E,no
321,Maca,สมุนไพร/เสริมอาหาร,Maca.nxml,exact,E,no
322,MargosaOil,สมุนไพร/เสริมอาหาร,MargosaOil.nxml,exact,C,no
323,Marijuana,สมุนไพร/เสริมอาหาร,Marijuana.nxml,exact,E,no
324,Melatonin,สมุนไพร/เสริมอาหาร,Melatonin.nxml,exact,E,no
325,MilkThistle,สมุนไพร/เสริมอาหาร,MilkThistle.nxml,exact,E,no
326,Mistletoe,สมุนไพร/เสริมอาหาร,Mistletoe.nxml,exact,E,yes
327,Moringa,สมุนไพร/เสริมอาหาร,Moringa.nxml,exact,D,yes
328,Niacin,สมุนไพร/เสริมอาหาร,Niacin.nxml,exact,-,yes
329,Nicotine,สมุนไพร/เสริมอาหาร,Nicotine.nxml,exact,E,no
330,Noni,สมุนไพร/เสริมอาหาร,Noni.nxml,exact,C,no
331,NuxVomica,สมุนไพร/เสริมอาหาร,NuxVomica.nxml,exact,E,no
332,Omega3FattyAcids,สมุนไพร/เสริมอาหาร,Omega3FattyAcids.nxml,exact,E,no
333,Oregano,สมุนไพร/เสริมอาหาร,Oregano.nxml,exact,E,no
334,Passionflower,สมุนไพร/เสริมอาหาร,Passionflower.nxml,exact,E,no
335,Pennyroyal,สมุนไพร/เสริมอาหาร,Pennyroyal.nxml,exact,B,yes
336,PineBark,สมุนไพร/เสริมอาหาร,PineBark.nxml,exact,E,no
337,Quercetin,สมุนไพร/เสริมอาหาร,Quercetin.nxml,exact,E,no
338,RedYeastRice,สมุนไพร/เสริมอาหาร,RedYeastRice.nxml,exact,C,yes
339,Resveratrol,สมุนไพร/เสริมอาหาร,Resveratrol.nxml,exact,E,no
340,royaljelly,สมุนไพร/เสริมอาหาร,royaljelly.nxml,exact,E,no
341,SawPalmetto,สมุนไพร/เสริมอาหาร,SawPalmetto.nxml,exact,D,no
342,ShouWuPian,สมุนไพร/เสริมอาหาร,ShouWuPian.nxml,exact,A,yes
343,Skullcap,สมุนไพร/เสริมอาหาร,Skullcap.nxml,exact,B,yes
344,SlipperyElm,สมุนไพร/เสริมอาหาร,SlipperyElm.nxml,exact,E,no
345,Spirulina,สมุนไพร/เสริมอาหาร,Spirulina.nxml,exact,D,no
346,StingingNettle,สมุนไพร/เสริมอาหาร,StingingNettle.nxml,exact,E,no
347,StJohnsWort,สมุนไพร/เสริมอาหาร,StJohnsWort.nxml,exact,E,no
348,Tinospora,สมุนไพร/เสริมอาหาร,Tinospora.nxml,exact,A,yes
349,TongkatAli,สมุนไพร/เสริมอาหาร,TongkatAli.nxml,exact,D,yes
350,Tribulus,สมุนไพร/เสริมอาหาร,Tribulus.nxml,exact,E*,yes
351,UsnicAcid,สมุนไพร/เสริมอาหาร,UsnicAcid.nxml,exact,-,yes
352,UvaUrsi,สมุนไพร/เสริมอาหาร,UvaUrsi.nxml,exact,E,no
353,Valerian,สมุนไพร/เสริมอาหาร,Valerian.nxml,exact,C,yes
354,YerbaMate,สมุนไพร/เสริมอาหาร,YerbaMate.nxml,exact,D,no
355,Yohimbine,สมุนไพร/เสริมอาหาร,Yohimbine.nxml,exact,E,no
356,Zinc,สมุนไพร/เสริมอาหาร,Zinc.nxml,exact,E,no
357,Abatacept,ยาชีวภาพ,Abatacept.nxml,exact,C,yes
358,Alemtuzumab,ยาชีวภาพ,Alemtuzumab.nxml,exact,B,no
359,Alirocumab,ยาชีวภาพ,Alirocumab.nxml,exact,E,no
360,Interferon Alfa / Peginterferon Alfa,ยาชีวภาพ,Alpha_Peginterferon.nxml,manual_override,A,no
361,AntithymocyteGlobuli,ยาชีวภาพ,AntithymocyteGlobuli.nxml,exact,E*,no
362,Atezolizumab,ยาชีวภาพ,Atezolizumab.nxml,exact,B,no
363,Belimumab,ยาชีวภาพ,Belimumab.nxml,exact,E,no
364,Benralizumab,ยาชีวภาพ,Benralizumab.nxml,exact,E,no
365,Blinatumomab,ยาชีวภาพ,Blinatumomab.nxml,exact,E*,no
366,Brentuximab vedotin,ยาชีวภาพ,Brentuximab_vedotin.nxml,exact,B,no
367,Canakinumab,ยาชีวภาพ,Canakinumab.nxml,exact,E*,no
368,Cemiplimab,ยาชีวภาพ,Cemiplimab.nxml,exact,C,no
369,Certolizumab,ยาชีวภาพ,Certolizumab.nxml,exact,D,no
370,Cetuximab,ยาชีวภาพ,Cetuximab.nxml,exact,E,no
371,Daratumumab,ยาชีวภาพ,Daratumumab.nxml,exact,E,no
372,Defibrotide,ยาชีวภาพ,Defibrotide.nxml,exact,E,no
373,Degarelix,ยาชีวภาพ,Degarelix.nxml,exact,E,no
374,Denosumab,ยาชีวภาพ,Denosumab.nxml,exact,E*,no
375,Desirudin,ยาชีวภาพ,Desirudin.nxml,exact,E,no
376,Dinutuximab,ยาชีวภาพ,Dinutuximab.nxml,exact,E*,no
377,Dulaglutide,ยาชีวภาพ,Dulaglutide.nxml,exact,-,no
378,Dupilumab,ยาชีวภาพ,Dupilumab.nxml,exact,E,no
379,Durvalumab,ยาชีวภาพ,Durvalumab.nxml,exact,B,yes
380,Eculizumab,ยาชีวภาพ,Eculizumab.nxml,exact,D,yes
381,Erenumab,ยาชีวภาพ,Erenumab.nxml,exact,E,no
382,Etanercept,ยาชีวภาพ,Etanercept.nxml,exact,B,yes
383,Evolocumab,ยาชีวภาพ,Evolocumab.nxml,exact,E,no
384,Exenatide,ยาชีวภาพ,Exenatide.nxml,exact,-,no
385,Gemtuzumab ozogamicin,ยาชีวภาพ,GemtuzumabOzogamicin.nxml,exact,A,no
386,GlatiramerAcetate,ยาชีวภาพ,GlatiramerAcetate.nxml,exact,B,yes
387,Golimumab,ยาชีวภาพ,Golimumab.nxml,exact,E*,no
388,Goserelin,ยาชีวภาพ,Goserelin.nxml,exact,D,no
389,Guselkumab,ยาชีวภาพ,Guselkumab.nxml,exact,E*,no
390,Inotuzumab ozogamicin,ยาชีวภาพ,InotuzumabOzogamicin.nxml,exact,A,no
391,Insulin,ยาชีวภาพ,Insulin.nxml,exact,-,yes
392,Ipilimumab,ยาชีวภาพ,Ipilimumab.nxml,exact,A,yes
393,Ixekizumab,ยาชีวภาพ,Ixekizumab.nxml,exact,E,no
394,Lanreotide,ยาชีวภาพ,Lanreotide.nxml,exact,E*,no
395,Leuprolide,ยาชีวภาพ,Leuprolide.nxml,exact,E,no
396,Linaclotide,ยาชีวภาพ,Linaclotide.nxml,exact,E,no
397,Liraglutide,ยาชีวภาพ,Liraglutide.nxml,exact,-,no
398,Mepolizumab,ยาชีวภาพ,Mepolizumab.nxml,exact,E,no
399,Natalizumab,ยาชีวภาพ,Natalizumab.nxml,exact,B,yes
400,Nivolumab,ยาชีวภาพ,Nivolumab.nxml,exact,A,no
401,Ocrelizumab,ยาชีวภาพ,Ocrelizumab.nxml,exact,C,no
402,Octreotide,ยาชีวภาพ,Octreotide.nxml,exact,C,no
403,Omalizumab,ยาชีวภาพ,Omalizumab.nxml,exact,E,no
404,Panitumumab,ยาชีวภาพ,Panitumumab.nxml,exact,E,no
405,Pasireotide,ยาชีวภาพ,Pasireotide.nxml,exact,E*,no
406,Pembrolizumab,ยาชีวภาพ,Pembrolizumab.nxml,exact,A,no
407,Pertuzumab,ยาชีวภาพ,Pertuzumab.nxml,exact,E,no
408,Ramucirumab,ยาชีวภาพ,Ramucirumab.nxml,exact,E*,no
409,Rasburicase,ยาชีวภาพ,Rasburicase.nxml,exact,D,yes
410,Risankizumab,ยาชีวภาพ,Risankizumab.nxml,exact,E,no
411,Romosozumab,ยาชีวภาพ,Romosozumab.nxml,exact,E,no
412,Semaglutide,ยาชีวภาพ,Semaglutide.nxml,exact,D,yes
413,Teriparatide,ยาชีวภาพ,Teriparatide.nxml,exact,E,no
414,Tirzepatide,ยาชีวภาพ,Tirzepatide.nxml,exact,C,yes
415,Trastuzumab deruxtecan,ยาชีวภาพ,TrastuzumabDeruxtecam.nxml,fuzzy,E*,no
416,Trastuzumab emtansine,ยาชีวภาพ,TrastuzumabEmtansine.nxml,exact,B,no
417,Ustekinumab,ยาชีวภาพ,Ustekinumab.nxml,exact,E*,no
418,Abemaciclib,ยาแผนปัจจุบัน,Abemaciclib.nxml,exact,C,no
419,Abiraterone,ยาแผนปัจจุบัน,Abiraterone.nxml,exact,C,no
420,Abrocitinib,ยาแผนปัจจุบัน,Abrocitinib.nxml,exact,E,no
421,Acalabrutinib,ยาแผนปัจจุบัน,Acalabrutinib.nxml,exact,D,no
422,Acarbose,ยาแผนปัจจุบัน,Acarbose.nxml,exact,B,yes
423,Acebutolol,ยาแผนปัจจุบัน,Acebutolol.nxml,exact,C,no
424,Aclidinium,ยาแผนปัจจุบัน,Aclidinium.nxml,exact,-,no
425,Adefovir,ยาแผนปัจจุบัน,Adefovir.nxml,exact,-,yes
426,Afatinib,ยาแผนปัจจุบัน,Afatinib.nxml,exact,D,no
427,Alectinib,ยาแผนปัจจุบัน,Alectinib.nxml,exact,D,no
428,Alfuzosin,ยาแผนปัจจุบัน,Alfuzosin.nxml,exact,C,no
429,Alogliptin,ยาแผนปัจจุบัน,Alogliptin.nxml,exact,E*,no
430,Alpelisib,ยาแผนปัจจุบัน,Alpelisib.nxml,exact,E*,no
431,Alprazolam,ยาแผนปัจจุบัน,Alprazolam.nxml,exact,D,yes
432,Amantadine,ยาแผนปัจจุบัน,Amantadine.nxml,exact,E,no
433,Ambrisentan,ยาแผนปัจจุบัน,Ambrisentan.nxml,exact,E,no
434,Amifampridine,ยาแผนปัจจุบัน,Amifampridine.nxml,exact,E,no
435,Amiloride,ยาแผนปัจจุบัน,Amiloride.nxml,exact,D,yes
436,Amiodarone,ยาแผนปัจจุบัน,Amiodarone.nxml,exact,A,no
437,Amisulpride,ยาแผนปัจจุบัน,Amisulpride.nxml,exact,E,no
438,Amitriptyline,ยาแผนปัจจุบัน,Amitriptyline.nxml,exact,B,no
439,Amlodipine,ยาแผนปัจจุบัน,Amlodipine.nxml,exact,C,yes
440,Amodiaquine,ยาแผนปัจจุบัน,Amodiaquine.nxml,exact,A,no
441,Ampicillin/Sulbactam,ยาแผนปัจจุบัน,AmpicillinSulbactam.nxml,exact,C,no
442,Anagrelide,ยาแผนปัจจุบัน,Anagrelide.nxml,exact,E*,no
443,Anakinra,ยาแผนปัจจุบัน,Anakinra.nxml,exact,C,yes
444,Apalutamide,ยาแผนปัจจุบัน,Apalutamide.nxml,exact,E,no
445,Apremilast,ยาแผนปัจจุบัน,Apremilast.nxml,exact,E,no
446,Aprepitant,ยาแผนปัจจุบัน,Aprepitant.nxml,exact,E,no
447,Asciminib,ยาแผนปัจจุบัน,Asciminib.nxml,exact,E*,no
448,Asenapine,ยาแผนปัจจุบัน,Asenapine.nxml,exact,D,no
449,Atazanavir,ยาแผนปัจจุบัน,Atazanavir.nxml,exact,D,yes
450,Atomoxetine,ยาแผนปัจจุบัน,Atomoxetine.nxml,exact,C,yes
451,Atovaquone,ยาแผนปัจจุบัน,Atovaquone.nxml,exact,D,yes
452,Atropine/Homatropine,ยาแผนปัจจุบัน,Atropine_Homatropine.nxml,exact,E,no
453,Axitinib,ยาแผนปัจจุบัน,Axitinib.nxml,exact,E*,no
454,Azacitidine,ยาแผนปัจจุบัน,Azacitidine.nxml,exact,E*,no
455,Aztreonam,ยาแผนปัจจุบัน,Aztreonam.nxml,exact,E,no
456,Baloxavir,ยาแผนปัจจุบัน,Baloxavir.nxml,exact,E,no
457,Baricitinib,ยาแผนปัจจุบัน,Baricitinib.nxml,exact,E*,no
458,Bedaquiline,ยาแผนปัจจุบัน,Bedaquiline.nxml,exact,E*,no
459,Benazepril,ยาแผนปัจจุบัน,Benazepril.nxml,exact,D,no
460,Bendamustine,ยาแผนปัจจุบัน,Bendamustine.nxml,exact,C,yes
461,Benztropine,ยาแผนปัจจุบัน,Benztropine.nxml,exact,E,no
462,Betaxolol,ยาแผนปัจจุบัน,Betaxolol.nxml,exact,E,no
463,Bictegravir,ยาแผนปัจจุบัน,Bictegravir.nxml,exact,E*,no
464,Biperiden,ยาแผนปัจจุบัน,Biperiden.nxml,exact,E,no
465,Bisoprolol,ยาแผนปัจจุบัน,Bisoprolol.nxml,exact,E,no
466,Bosentan,ยาแผนปัจจุบัน,Bosentan.nxml,exact,C,yes
467,Bosutinib,ยาแผนปัจจุบัน,Bosutinib.nxml,exact,D,no
468,Brexpiprazole,ยาแผนปัจจุบัน,Brexpiprazole.nxml,exact,E,no
469,Brigatinib,ยาแผนปัจจุบัน,Brigatinib.nxml,exact,E*,no
470,Brivaracetam,ยาแผนปัจจุบัน,Brivaracetam.nxml,exact,E,no
471,Brompheniramine/Chlorpheniramine,ยาแผนปัจจุบัน,BrompheniramineChlor.nxml,fuzzy,-,no
472,Buprenorphine,ยาแผนปัจจุบัน,Buprenorphine.nxml,exact,-,yes
473,Bupropion,ยาแผนปัจจุบัน,Bupropion.nxml,exact,C,yes
474,Buspirone,ยาแผนปัจจุบัน,Buspirone.nxml,exact,E,no
475,Cabazitaxel,ยาแผนปัจจุบัน,Cabazitaxel.nxml,exact,E*,no
476,Cabozantinib,ยาแผนปัจจุบัน,Cabozantinib.nxml,exact,E*,no
477,Candesartan,ยาแผนปัจจุบัน,Candesartan.nxml,exact,C,yes
478,Cangrelor,ยาแผนปัจจุบัน,Cangrelor.nxml,exact,E,no
479,Capreomycin,ยาแผนปัจจุบัน,Capreomycin.nxml,exact,E,no
480,Carfilzomib,ยาแผนปัจจุบัน,Carfilzomib.nxml,exact,D,no
481,Celecoxib,ยาแผนปัจจุบัน,Celecoxib.nxml,exact,B,no
482,Ceritinib,ยาแผนปัจจุบัน,Ceritinib.nxml,exact,D,no
483,Cetirizine/Levocetirizine,ยาแผนปัจจุบัน,Cetirizine_Levocetir.nxml,fuzzy,C,no
484,Chloroquine,ยาแผนปัจจุบัน,Chloroquine.nxml,exact,D,no
485,Chlorpromazine,ยาแผนปัจจุบัน,Chlorpromazine.nxml,exact,A,no
486,Chlorzoxazone,ยาแผนปัจจุบัน,Chlorzoxazone.nxml,exact,B,no
487,Cilostazol,ยาแผนปัจจุบัน,Cilostazol.nxml,exact,E,no
488,Cimetidine,ยาแผนปัจจุบัน,Cimetidine.nxml,exact,B,no
489,Citalopram/Escitalopram,ยาแผนปัจจุบัน,CitalopramEscitalopr.nxml,fuzzy,C,yes
490,Cladribine,ยาแผนปัจจุบัน,Cladribine.nxml,exact,D,no
491,Clemastine,ยาแผนปัจจุบัน,Clemastine.nxml,exact,E,no
492,Clofarabine,ยาแผนปัจจุบัน,Clofarabine.nxml,exact,D,no
493,Clomiphene,ยาแผนปัจจุบัน,Clomiphene.nxml,exact,C,no
494,Clomipramine,ยาแผนปัจจุบัน,Clomipramine.nxml,exact,D,no
495,Clonidine,ยาแผนปัจจุบัน,Clonidine.nxml,exact,E,no
496,Clopidogrel,ยาแผนปัจจุบัน,Clopidogrel.nxml,exact,B,yes
497,Clorazepate,ยาแผนปัจจุบัน,Clorazepate.nxml,exact,D,yes
498,Cobimetinib,ยาแผนปัจจุบัน,Cobimetinib.nxml,exact,D,no
499,Codeine,ยาแผนปัจจุบัน,Codeine.nxml,exact,-,no
500,Colesevelam,ยาแผนปัจจุบัน,Colesevelam.nxml,exact,E,no
501,Crizotinib,ยาแผนปัจจุบัน,Crizotinib.nxml,exact,C,no
502,Cyclizine/Chlorcyclizine,ยาแผนปัจจุบัน,CyclizineChlorcycl.nxml,fuzzy,E,no
503,Cyclobenzaprine,ยาแผนปัจจุบัน,Cyclobenzaprine.nxml,exact,E*,no
504,Cyproheptadine,ยาแผนปัจจุบัน,Cyproheptadine.nxml,exact,C,no
505,Dabigatran,ยาแผนปัจจุบัน,Dabigatran.nxml,exact,D,no
506,Dabrafenib,ยาแผนปัจจุบัน,Dabrafenib.nxml,exact,E*,no
507,Daclatasvir,ยาแผนปัจจุบัน,Daclatasvir.nxml,exact,C,no
508,Dacomitinib,ยาแผนปัจจุบัน,Dacomitinib.nxml,exact,E*,no
509,Daptomycin,ยาแผนปัจจุบัน,Daptomycin.nxml,exact,C,yes
510,Darifenacin,ยาแผนปัจจุบัน,Darifenacin.nxml,exact,E,no
511,Darolutamide,ยาแผนปัจจุบัน,Darolutamide.nxml,exact,E,no
512,Daunorubicin,ยาแผนปัจจุบัน,Daunorubicin.nxml,exact,E*,no
513,Decitabine,ยาแผนปัจจุบัน,Decitabine.nxml,exact,E*,no
514,Desipramine,ยาแผนปัจจุบัน,Desipramine.nxml,exact,D,no
515,Diazepam (Oral),ยาแผนปัจจุบัน,DiazepamOral.nxml,exact,D,yes
516,Dicyclomine,ยาแผนปัจจุบัน,Dicyclomine.nxml,exact,-,no
517,Diethylpropion,ยาแผนปัจจุบัน,Diethylpropion.nxml,exact,E,no
518,Diflunisal,ยาแผนปัจจุบัน,Diflunisal.nxml,exact,C,yes
519,Diltiazem,ยาแผนปัจจุบัน,Diltiazem.nxml,exact,C,no
520,DimethylFumarate,ยาแผนปัจจุบัน,DimethylFumarate.nxml,exact,-,yes
521,Diphenhydramine,ยาแผนปัจจุบัน,Diphenhydramine.nxml,exact,E,no
522,Diphenoxylate,ยาแผนปัจจุบัน,Diphenoxylate.nxml,exact,-,no
523,Dipyridamole,ยาแผนปัจจุบัน,Dipyridamole.nxml,exact,E*,no
524,Disopyramide,ยาแผนปัจจุบัน,Disopyramide.nxml,exact,B,yes
525,Docusate,ยาแผนปัจจุบัน,Docusate.nxml,exact,E,no
526,Donepezil,ยาแผนปัจจุบัน,Donepezil.nxml,exact,D,yes
527,Doravirine,ยาแผนปัจจุบัน,Doravirine.nxml,exact,E*,no
528,Doripenem,ยาแผนปัจจุบัน,Doripenem.nxml,exact,E*,no
529,Doxazosin,ยาแผนปัจจุบัน,Doxazosin.nxml,exact,E*,no
530,Doxepin,ยาแผนปัจจุบัน,Doxepin.nxml,exact,C,no
531,Doxorubicin/Epirubicin,ยาแผนปัจจุบัน,DoxorubicinEpirubici.nxml,fuzzy,-,no
532,Doxylamine,ยาแผนปัจจุบัน,Doxylamine.nxml,exact,E,no
533,Dronedarone,ยาแผนปัจจุบัน,Dronedarone.nxml,exact,B,no
534,Duloxetine,ยาแผนปัจจุบัน,Duloxetine.nxml,exact,B,no
535,Dutasteride,ยาแผนปัจจุบัน,Dutasteride.nxml,exact,E,no
536,Edoxaban,ยาแผนปัจจุบัน,Edoxaban.nxml,exact,D,no
537,Elvitegravir/Cobicistat,ยาแผนปัจจุบัน,Elvitegravir_Cobicis.nxml,fuzzy,-,no
538,Enalapril,ยาแผนปัจจุบัน,Enalapril.nxml,exact,B,no
539,Encorafenib/Binimetinib,ยาแผนปัจจุบัน,EncorafenibBinimetin.nxml,fuzzy,E*,no
540,Entrectinib,ยาแผนปัจจุบัน,Entrectinib.nxml,exact,E*,no
541,Enzalutamide,ยาแผนปัจจุบัน,Enzalutamide.nxml,exact,E,no
542,Eplerenone,ยาแผนปัจจุบัน,Eplerenone.nxml,exact,E*,no
543,Eribulin,ยาแผนปัจจุบัน,Eribulin.nxml,exact,E*,no
544,Eslicarbazepine,ยาแผนปัจจุบัน,Eslicarbazepine.nxml,exact,D,no
545,Esmolol,ยาแผนปัจจุบัน,Esmolol.nxml,exact,E,no
546,Estazolam,ยาแผนปัจจุบัน,Estazolam.nxml,exact,E,no
547,Eszopiclone,ยาแผนปัจจุบัน,Eszopiclone.nxml,exact,E,no
548,Ethambutol,ยาแผนปัจจุบัน,Ethambutol.nxml,exact,C,yes
549,Ethosuximide,ยาแผนปัจจุบัน,Ethosuximide.nxml,exact,E*,no
550,Etodolac,ยาแผนปัจจุบัน,Etodolac.nxml,exact,C,no
551,Etoposide/Teniposide,ยาแผนปัจจุบัน,EtoposideTeniposide.nxml,exact,-,yes
552,Etravirine,ยาแผนปัจจุบัน,Etravirine.nxml,exact,D,no
553,Exemestane,ยาแผนปัจจุบัน,Exemestane.nxml,exact,C,yes
554,Famciclovir,ยาแผนปัจจุบัน,Famciclovir.nxml,exact,E,no
555,Felodipine,ยาแผนปัจจุบัน,Felodipine.nxml,exact,-,no
556,FentanylAndAnalogues,ยาแผนปัจจุบัน,FentanylAndAnalogues.nxml,exact,E,no
557,Fesoterodine,ยาแผนปัจจุบัน,Fesoterodine.nxml,exact,E,no
558,Fexofenadine,ยาแผนปัจจุบัน,Fexofenadine.nxml,exact,E,no
559,Finerenone,ยาแผนปัจจุบัน,Finerenone.nxml,exact,E,no
560,Fingolimod,ยาแผนปัจจุบัน,Fingolimod.nxml,exact,C,no
561,Flavoxate,ยาแผนปัจจุบัน,Flavoxate.nxml,exact,-,no
562,Flecainide,ยาแผนปัจจุบัน,Flecainide.nxml,exact,C,yes
563,Fludarabine,ยาแผนปัจจุบัน,Fludarabine.nxml,exact,E*,no
564,Fluoxetine,ยาแผนปัจจุบัน,Fluoxetine.nxml,exact,C,yes
565,Flurazepam,ยาแผนปัจจุบัน,Flurazepam.nxml,exact,D,no
566,Flurbiprofen,ยาแผนปัจจุบัน,Flurbiprofen.nxml,exact,C,yes
567,Flutamide,ยาแผนปัจจุบัน,Flutamide.nxml,exact,A,no
568,Fluvastatin,ยาแผนปัจจุบัน,Fluvastatin.nxml,exact,B,no
569,Fluvoxamine,ยาแผนปัจจุบัน,Fluvoxamine.nxml,exact,D,no
570,Foscarnet,ยาแผนปัจจุบัน,Foscarnet.nxml,exact,D,no
571,Fosinopril,ยาแผนปัจจุบัน,Fosinopril.nxml,exact,D,yes
572,Fosnetupitant,ยาแผนปัจจุบัน,Fosnetupitant.nxml,exact,E,no
573,Fosphenytoin,ยาแผนปัจจุบัน,Fosphenytoin.nxml,exact,A,no
574,Fulvestrant,ยาแผนปัจจุบัน,Fulvestrant.nxml,exact,E*,no
575,Futibatinib,ยาแผนปัจจุบัน,Futibatinib.nxml,exact,E*,no
576,Galantamine,ยาแผนปัจจุบัน,Galantamine.nxml,exact,E,no
577,Ganciclovir/Valganciclovir,ยาแผนปัจจุบัน,GanciclovirValganc.nxml,fuzzy,E,no
578,Gefitinib,ยาแผนปัจจุบัน,Gefitinib.nxml,exact,B,yes
579,Gemcitabine,ยาแผนปัจจุบัน,Gemcitabine.nxml,exact,C,no
580,Gentamicin,ยาแผนปัจจุบัน,Gentamicin.nxml,exact,E,no
581,Gilteritinib,ยาแผนปัจจุบัน,Gilteritinib.nxml,exact,E*,no
582,Glycopyrrolate,ยาแผนปัจจุบัน,Glycopyrrolate.nxml,exact,-,no
583,Guanfacine,ยาแผนปัจจุบัน,Guanfacine.nxml,exact,E,no
584,Halothane,ยาแผนปัจจุบัน,Halothane.nxml,exact,A,no
585,Hydralazine,ยาแผนปัจจุบัน,Hydralazine.nxml,exact,A,no
586,Hydromorphone/Oxymorphone,ยาแผนปัจจุบัน,HydromorphoneOxymorp.nxml,fuzzy,-,no
587,Hydroxyzine,ยาแผนปัจจุบัน,Hydroxyzine.nxml,exact,E,no
588,Hyoscyamine,ยาแผนปัจจุบัน,Hyoscyamine.nxml,exact,-,no
589,Ibrutinib,ยาแผนปัจจุบัน,Ibrutinib.nxml,exact,D,no
590,Imatinib,ยาแผนปัจจุบัน,Imatinib.nxml,exact,A,no
591,Imipenem/Cilastatin,ยาแผนปัจจุบัน,Imipenemcilastatin.nxml,exact,D,no
592,Imipramine,ยาแผนปัจจุบัน,Imipramine.nxml,exact,B,no
593,Irbesartan,ยาแผนปัจจุบัน,Irbesartan.nxml,exact,C,no
594,Irinotecan/Topotecan,ยาแผนปัจจุบัน,IrinotecanTopotecan.nxml,exact,-,no
595,Ivabradine,ยาแผนปัจจุบัน,Ivabradine.nxml,exact,E,no
596,Ixazomib,ยาแผนปัจจุบัน,Ixazomib.nxml,exact,E*,no
597,Ketamine,ยาแผนปัจจุบัน,Ketamine.nxml,exact,B,yes
598,Ketoprofen,ยาแผนปัจจุบัน,Ketoprofen.nxml,exact,C,no
599,Ketorolac,ยาแผนปัจจุบัน,Ketorolac.nxml,exact,D,no
600,Labetalol,ยาแผนปัจจุบัน,Labetalol.nxml,exact,C,yes
601,Lapatinib,ยาแผนปัจจุบัน,Lapatinib.nxml,exact,B,yes
602,Larotrectinib,ยาแผนปัจจุบัน,Larotrectinib.nxml,exact,E*,no
603,Lenvatinib,ยาแผนปัจจุบัน,Lenvatinib.nxml,exact,D,no
604,Letermovir,ยาแผนปัจจุบัน,Letermovir.nxml,exact,E,no
605,Levodopa/Carbidopa,ยาแผนปัจจุบัน,LevodopaCarbodopa.nxml,fuzzy,E,no
606,Linagliptin,ยาแผนปัจจุบัน,Linagliptin.nxml,exact,D,no
607,Lithium,ยาแผนปัจจุบัน,Lithium.nxml,exact,E,no
608,Lomustine,ยาแผนปัจจุบัน,Lomustine.nxml,exact,D,no
609,Loperamide,ยาแผนปัจจุบัน,Loperamide.nxml,exact,-,no
610,Loratadine/Desloratadine,ยาแผนปัจจุบัน,LoratadineDesloratad.nxml,fuzzy,E*,no
611,Lorlatinib,ยาแผนปัจจุบัน,Lorlatinib.nxml,exact,E*,no
612,Lovastatin,ยาแผนปัจจุบัน,Lovastatin.nxml,exact,B,yes
613,Lubiprostone,ยาแผนปัจจุบัน,Lubiprostone.nxml,exact,E,no
614,Lurasidone,ยาแผนปัจจุบัน,Lurasidone.nxml,exact,E,no
615,Macitentan,ยาแผนปัจจุบัน,Macitentan.nxml,exact,E*,no
616,Mavyret,ยาแผนปัจจุบัน,Mavyret.nxml,exact,C,no
617,Meclizine,ยาแผนปัจจุบัน,Meclizine.nxml,exact,E,no
618,MefenamicAcid,ยาแผนปัจจุบัน,MefenamicAcid.nxml,exact,D,no
619,Mefloquine,ยาแผนปัจจุบัน,Mefloquine.nxml,exact,D,yes
620,Meloxicam,ยาแผนปัจจุบัน,Meloxicam.nxml,exact,B,no
621,Memantine,ยาแผนปัจจุบัน,Memantine.nxml,exact,D,yes
622,Meperidine,ยาแผนปัจจุบัน,Meperidine.nxml,exact,-,no
623,Metamizole,ยาแผนปัจจุบัน,Metamizole.nxml,exact,A,no
624,Methadone,ยาแผนปัจจุบัน,Methadone.nxml,exact,-,no
625,Methenamine,ยาแผนปัจจุบัน,Methenamine.nxml,exact,E,no
626,Methocarbamol,ยาแผนปัจจุบัน,Methocarbamol.nxml,exact,E,no
627,Metoprolol,ยาแผนปัจจุบัน,Metoprolol.nxml,exact,D,yes
628,Midazolam,ยาแผนปัจจุบัน,Midazolam.nxml,exact,E,no
629,Midostaurin,ยาแผนปัจจุบัน,Midostaurin.nxml,exact,E*,no
630,Miglitol,ยาแผนปัจจุบัน,Miglitol.nxml,exact,E,no
631,Milnacipran/Levomilnacipran,ยาแผนปัจจุบัน,MilnacipranLevomilna.nxml,fuzzy,D,yes
632,Minocycline,ยาแผนปัจจุบัน,Minocycline.nxml,exact,A,no
633,Minoxidil,ยาแผนปัจจุบัน,Minoxidil.nxml,exact,E,no
634,Mirabegron,ยาแผนปัจจุบัน,Mirabegron.nxml,exact,E*,no
635,Mirtazapine,ยาแผนปัจจุบัน,Mirtazapine.nxml,exact,C,no
636,Mitoxantrone,ยาแผนปัจจุบัน,Mitoxantrone.nxml,exact,D,yes
637,Modafinil/Armodafinil,ยาแผนปัจจุบัน,ModafinilArmodafinil.nxml,exact,E,no
638,Molnupiravir,ยาแผนปัจจุบัน,Molnupiravir.nxml,exact,E,no
639,Morphine,ยาแผนปัจจุบัน,Morphine.nxml,exact,E,no
640,Moxifloxacin,ยาแผนปัจจุบัน,Moxifloxacin.nxml,exact,B,yes
641,Nabumetone,ยาแผนปัจจุบัน,Nabumetone.nxml,exact,E*,no
642,Nadolol,ยาแผนปัจจุบัน,Nadolol.nxml,exact,E,no
643,Naloxone,ยาแผนปัจจุบัน,Naloxone.nxml,exact,E,no
644,Nateglinide,ยาแผนปัจจุบัน,Nateglinide.nxml,exact,E*,no
645,Nebivolol,ยาแผนปัจจุบัน,Nebivolol.nxml,exact,E,no
646,Neomycin,ยาแผนปัจจุบัน,Neomycin.nxml,exact,-,no
647,Nicardipine,ยาแผนปัจจุบัน,Nicardipine.nxml,exact,-,no
648,Nilotinib,ยาแผนปัจจุบัน,Nilotinib.nxml,exact,D,no
649,Nimesulide,ยาแผนปัจจุบัน,Nimesulide.nxml,exact,A,yes
650,Nintedanib,ยาแผนปัจจุบัน,Nintedanib.nxml,exact,C,no
651,Niraparib,ยาแผนปัจจุบัน,Niraparib.nxml,exact,E*,no
652,Nitazoxanide,ยาแผนปัจจุบัน,Nitazoxanide.nxml,exact,E,no
653,Nitroprusside,ยาแผนปัจจุบัน,Nitroprusside.nxml,exact,E,no
654,Nizatidine,ยาแผนปัจจุบัน,Nizatidine.nxml,exact,D,yes
655,Nortriptyline,ยาแผนปัจจุบัน,Nortriptyline.nxml,exact,C,no
656,ObeticholicAcid,ยาแผนปัจจุบัน,ObeticholicAcid.nxml,exact,B,yes
657,Olaparib,ยาแผนปัจจุบัน,Olaparib.nxml,exact,C,no
658,Olmesartan,ยาแผนปัจจุบัน,Olmesartan.nxml,exact,D,no
659,Orlistat,ยาแผนปัจจุบัน,Orlistat.nxml,exact,C,yes
660,Orphenadrine,ยาแผนปัจจุบัน,Orphenadrine.nxml,exact,E,no
661,Oseltamivir,ยาแผนปัจจุบัน,Oseltamivir.nxml,exact,D,no
662,Osimertinib,ยาแผนปัจจุบัน,Osimertinib.nxml,exact,E*,no
663,Oxacillin,ยาแผนปัจจุบัน,Oxacillin.nxml,exact,B,yes
664,Oxazepam,ยาแผนปัจจุบัน,Oxazepam.nxml,exact,E,no
665,Oxcarbazepine,ยาแผนปัจจุบัน,Oxcarbazepine.nxml,exact,C,no
666,Oxybutynin,ยาแผนปัจจุบัน,Oxybutynin.nxml,exact,E,no
667,Oxycodone,ยาแผนปัจจุบัน,Oxycodone.nxml,exact,E,no
668,Palbociclib,ยาแผนปัจจุบัน,Palbociclib.nxml,exact,C,no
669,Paliperidone,ยาแผนปัจจุบัน,Paliperidone.nxml,exact,E,no
670,Paroxetine,ยาแผนปัจจุบัน,Paroxetine.nxml,exact,B,yes
671,Paxlovid,ยาแผนปัจจุบัน,Paxlovid.nxml,exact,E,no
672,Pazopanib,ยาแผนปัจจุบัน,Pazopanib.nxml,exact,C,yes
673,Pentamidine,ยาแผนปัจจุบัน,Pentamidine.nxml,exact,D,no
674,Pentazocine,ยาแผนปัจจุบัน,Pentazocine.nxml,exact,E,no
675,Pentoxifylline,ยาแผนปัจจุบัน,Pentoxifylline.nxml,exact,D,yes
676,Perampanel,ยาแผนปัจจุบัน,Perampanel.nxml,exact,E,no
677,Perindopril,ยาแผนปัจจุบัน,Perindopril.nxml,exact,E*,no
678,Phentermine,ยาแผนปัจจุบัน,Phentermine.nxml,exact,E,no
679,Phenyltoloxamine,ยาแผนปัจจุบัน,Phenyltoloxamine.nxml,exact,E,no
680,Pioglitazone,ยาแผนปัจจุบัน,Pioglitazone.nxml,exact,C,yes
681,Piperacillin/Tazobactam,ยาแผนปัจจุบัน,PiperacillinTazob.nxml,fuzzy,B,no
682,Pirfenidone,ยาแผนปัจจุบัน,Pirfenidone.nxml,exact,D,yes
683,Pitavastatin,ยาแผนปัจจุบัน,Pitavastatin.nxml,exact,D,no
684,Plerixafor,ยาแผนปัจจุบัน,Plerixafor.nxml,exact,E,no
685,Pomalidomide,ยาแผนปัจจุบัน,Pomalidomide.nxml,exact,D,yes
686,Ponatinib,ยาแผนปัจจุบัน,Ponatinib.nxml,exact,E*,no
687,Pramipexole,ยาแผนปัจจุบัน,Pramipexole.nxml,exact,E,no
688,Prasugrel,ยาแผนปัจจุบัน,Prasugrel.nxml,exact,D,no
689,Pravastatin,ยาแผนปัจจุบัน,Pravastatin.nxml,exact,B,yes
690,Prazosin,ยาแผนปัจจุบัน,Prazosin.nxml,exact,E*,no
691,Pregabalin,ยาแผนปัจจุบัน,Pregabalin.nxml,exact,C,yes
692,Primaquine,ยาแผนปัจจุบัน,Primaquine.nxml,exact,E,no
693,Primidone,ยาแผนปัจจุบัน,Primidone.nxml,exact,E*,no
694,Procarbazine,ยาแผนปัจจุบัน,Procarbazine.nxml,exact,D,no
695,Prochlorperazine,ยาแผนปัจจุบัน,Prochlorperazine.nxml,exact,B,yes
696,Proguanil,ยาแผนปัจจุบัน,Proguanil.nxml,exact,E*,yes
697,Promethazine,ยาแผนปัจจุบัน,Promethazine.nxml,exact,E,no
698,Propafenone,ยาแผนปัจจุบัน,Propafenone.nxml,exact,B,no
699,Propranolol,ยาแผนปัจจุบัน,Propranolol.nxml,exact,E,no
700,Prucalopride,ยาแผนปัจจุบัน,Prucalopride.nxml,exact,E,no
701,Psoralen,ยาแผนปัจจุบัน,Psoralen.nxml,exact,C,no
702,Pyrantel,ยาแผนปัจจุบัน,Pyrantel.nxml,exact,E,no
703,Quetiapine,ยาแผนปัจจุบัน,Quetiapine.nxml,exact,B,no
704,Quinapril,ยาแผนปัจจุบัน,Quinapril.nxml,exact,E*,no
705,Quinidine,ยาแผนปัจจุบัน,Quinidine.nxml,exact,A,yes
706,Rabeprazole,ยาแผนปัจจุบัน,Rabeprazole.nxml,exact,D,no
707,Raltegravir,ยาแผนปัจจุบัน,Raltegravir.nxml,exact,E*,no
708,Ramelteon,ยาแผนปัจจุบัน,Ramelteon.nxml,exact,E*,no
709,Ramipril,ยาแผนปัจจุบัน,Ramipril.nxml,exact,C,yes
710,Ranolazine,ยาแผนปัจจุบัน,Ranolazine.nxml,exact,D,yes
711,Rasagiline,ยาแผนปัจจุบัน,Rasagiline.nxml,exact,E,no
712,Regorafenib,ยาแผนปัจจุบัน,Regorafenib.nxml,exact,B,no
713,Relugolix,ยาแผนปัจจุบัน,Relugolix.nxml,exact,E,no
714,Remdesivir,ยาแผนปัจจุบัน,Remdesivir.nxml,exact,D,no
715,Remimazolam,ยาแผนปัจจุบัน,Remimazolam.nxml,exact,E,no
716,Repotrectinib,ยาแผนปัจจุบัน,Repotrectinib.nxml,exact,E*,no
717,Ribociclib,ยาแผนปัจจุบัน,Ribociclib.nxml,exact,C,no
718,Rifabutin,ยาแผนปัจจุบัน,Rifabutin.nxml,exact,D,no
719,Rifamycin,ยาแผนปัจจุบัน,Rifamycin.nxml,exact,E,no
720,Rifaximin,ยาแผนปัจจุบัน,Rifaximin.nxml,exact,E,no
721,Riluzole,ยาแผนปัจจุบัน,Riluzole.nxml,exact,C,no
722,Riociguat,ยาแผนปัจจุบัน,Riociguat.nxml,exact,E,no
723,Risdiplam,ยาแผนปัจจุบัน,Risdiplam.nxml,exact,E,no
724,Rivaroxaban,ยาแผนปัจจุบัน,Rivaroxaban.nxml,exact,A,no
725,Rivastigmine,ยาแผนปัจจุบัน,Rivastigmine.nxml,exact,D,no
726,Roflumilast,ยาแผนปัจจุบัน,Roflumilast.nxml,exact,E,no
727,Rosuvastatin,ยาแผนปัจจุบัน,Rosuvastatin.nxml,exact,A,yes
728,Rotigotine,ยาแผนปัจจุบัน,Rotigotine.nxml,exact,E,no
729,Rucaparib,ยาแผนปัจจุบัน,Rucaparib.nxml,exact,E*,no
730,Rufinamide,ยาแผนปัจจุบัน,Rufinamide.nxml,exact,E*,no
731,Ruxolitinib,ยาแผนปัจจุบัน,Ruxolitinib.nxml,exact,C,no
732,Sacubitril,ยาแผนปัจจุบัน,Sacubitril.nxml,exact,D,no
733,Saxagliptin,ยาแผนปัจจุบัน,Saxagliptin.nxml,exact,E*,no
734,Scopolamine/Methscopolamine,ยาแผนปัจจุบัน,ScopolamineMethscop.nxml,fuzzy,-,no
735,Secnidazole,ยาแผนปัจจุบัน,Secnidazole.nxml,exact,E,no
736,Seladelpar,ยาแผนปัจจุบัน,Seladelpar.nxml,exact,E*,no
737,Selegiline,ยาแผนปัจจุบัน,Selegiline.nxml,exact,E,no
738,Selexipag,ยาแผนปัจจุบัน,Selexipag.nxml,exact,E,no
739,Silodosin,ยาแผนปัจจุบัน,Silodosin.nxml,exact,E*,no
740,Sitagliptin,ยาแผนปัจจุบัน,Sitagliptin.nxml,exact,D,no
741,SMZ-TMP,ยาแผนปัจจุบัน,SMZ-TMP.nxml,exact,A,no
742,Solifenacin,ยาแผนปัจจุบัน,Solifenacin.nxml,exact,D,no
743,Sorafenib,ยาแผนปัจจุบัน,Sorafenib.nxml,exact,B,no
744,Sotalol,ยาแผนปัจจุบัน,Sotalol.nxml,exact,E,no
745,Sotorasib,ยาแผนปัจจุบัน,Sotorasib.nxml,exact,D,no
746,Sulindac,ยาแผนปัจจุบัน,Sulindac.nxml,exact,A,yes
747,Sunitinib,ยาแผนปัจจุบัน,Sunitinib.nxml,exact,B,no
748,Suvorexant,ยาแผนปัจจุบัน,Suvorexant.nxml,exact,E,no
749,Tadalafil,ยาแผนปัจจุบัน,Tadalafil.nxml,exact,D,no
750,Tafamidis,ยาแผนปัจจุบัน,Tafamidis.nxml,exact,E,no
751,Tafenoquine,ยาแผนปัจจุบัน,Tafenoquine.nxml,exact,E,no
752,Talazoparib,ยาแผนปัจจุบัน,Talazoparib.nxml,exact,E*,no
753,Tamoxifen,ยาแผนปัจจุบัน,Tamoxifen.nxml,exact,B,no
754,Tamsulosin,ยาแผนปัจจุบัน,Tamsulosin.nxml,exact,D,no
755,Tecovirimat,ยาแผนปัจจุบัน,Tecovirimat.nxml,exact,E,no
756,Telbivudine,ยาแผนปัจจุบัน,Telbivudine.nxml,exact,E,no
757,Telmisartan,ยาแผนปัจจุบัน,Telmisartan.nxml,exact,E*,no
758,Temazepam,ยาแผนปัจจุบัน,Temazepam.nxml,exact,E,no
759,Temozolomide,ยาแผนปัจจุบัน,Temozolomide.nxml,exact,B,yes
760,Temsirolimus,ยาแผนปัจจุบัน,Temsirolimus.nxml,exact,E*,no
761,Tenofovir,ยาแผนปัจจุบัน,Tenofovir.nxml,exact,C,no
762,Terazosin,ยาแผนปัจจุบัน,Terazosin.nxml,exact,E,no
763,Terbinafine,ยาแผนปัจจุบัน,Terbinafine.nxml,exact,A,yes
764,Teriflunomide,ยาแผนปัจจุบัน,Teriflunomide.nxml,exact,C,no
765,Tetracycline/Oxytetracycline,ยาแผนปัจจุบัน,TetracyclineAndOxyte.nxml,fuzzy,-,yes
766,Thalidomide/Lenalidomide,ยาแผนปัจจุบัน,Thalidomide_Lenalido.nxml,fuzzy,B,yes
767,Thiabendazole,ยาแผนปัจจุบัน,Thiabendazole.nxml,exact,B,yes
768,Thiotepa,ยาแผนปัจจุบัน,Thiotepa.nxml,exact,D,no
769,Tibolone,ยาแผนปัจจุบัน,Tibolone.nxml,exact,C,no
770,Tigecycline,ยาแผนปัจจุบัน,Tigecycline.nxml,exact,B,no
771,Timolol,ยาแผนปัจจุบัน,Timolol.nxml,exact,E,no
772,Tinidazole,ยาแผนปัจจุบัน,Tinidazole.nxml,exact,E*,no
773,Tiotropium,ยาแผนปัจจุบัน,Tiotropium.nxml,exact,-,no
774,Tizanidine,ยาแผนปัจจุบัน,Tizanidine.nxml,exact,C,yes
775,Tobramycin,ยาแผนปัจจุบัน,Tobramycin.nxml,exact,-,yes
776,Tofacitinib,ยาแผนปัจจุบัน,Tofacitinib.nxml,exact,E*,no
777,Tolterodine,ยาแผนปัจจุบัน,Tolterodine.nxml,exact,D,yes
778,Tolvaptan,ยาแผนปัจจุบัน,Tolvaptan.nxml,exact,C,no
779,Tramadol,ยาแผนปัจจุบัน,Tramadol.nxml,exact,E*,no
780,Trametinib,ยาแผนปัจจุบัน,Trametinib.nxml,exact,E*,no
781,Trazodone,ยาแผนปัจจุบัน,Trazodone.nxml,exact,B,yes
782,Triamterene,ยาแผนปัจจุบัน,Triamterene.nxml,exact,D,yes
783,Triazolam,ยาแผนปัจจุบัน,Triazolam.nxml,exact,D,yes
784,Triclabendazole,ยาแผนปัจจุบัน,Triclabendazole.nxml,exact,E,no
785,Trientine,ยาแผนปัจจุบัน,Trientine.nxml,exact,E,no
786,Trifluoperazine,ยาแผนปัจจุบัน,Trifluoperazine.nxml,exact,D,no
787,Trifluridine,ยาแผนปัจจุบัน,Trifluridine.nxml,exact,E,no
788,Trihexyphenidyl,ยาแผนปัจจุบัน,Trihexyphenidyl.nxml,exact,E*,no
789,Triprolidine,ยาแผนปัจจุบัน,Triprolidine.nxml,exact,E,no
790,Trospium,ยาแผนปัจจุบัน,Trospium.nxml,exact,E,no
791,Upadacitinib,ยาแผนปัจจุบัน,Upadacitinib.nxml,exact,D,no
792,Valacyclovir,ยาแผนปัจจุบัน,Valacyclovir.nxml,exact,D,yes
793,Valproate,ยาแผนปัจจุบัน,Valproate.nxml,exact,A,no
794,Valsartan,ยาแผนปัจจุบัน,Valsartan.nxml,exact,D,no
795,Vardenafil,ยาแผนปัจจุบัน,Vardenafil.nxml,exact,E*,no
796,Varenicline,ยาแผนปัจจุบัน,Varenicline.nxml,exact,C,yes
797,Vemurafenib,ยาแผนปัจจุบัน,Vemurafenib.nxml,exact,-,no
798,Venetoclax,ยาแผนปัจจุบัน,Venetoclax.nxml,exact,E,no
799,Venlafaxine,ยาแผนปัจจุบัน,Venlafaxine.nxml,exact,-,yes
800,Verapamil,ยาแผนปัจจุบัน,Verapamil.nxml,exact,B,yes
801,Vericiguat,ยาแผนปัจจุบัน,Vericiguat.nxml,exact,E,no
802,Vibegron,ยาแผนปัจจุบัน,Vibegron.nxml,exact,E,no
803,ViekiraPak,ยาแผนปัจจุบัน,ViekiraPak.nxml,exact,B,no
804,Vismodegib,ยาแผนปัจจุบัน,Vismodegib.nxml,exact,B,yes
805,Vortioxetine,ยาแผนปัจจุบัน,Vortioxetine.nxml,exact,E*,no
806,Warfarin,ยาแผนปัจจุบัน,Warfarin.nxml,exact,C,no
807,Zaleplon,ยาแผนปัจจุบัน,Zaleplon.nxml,exact,E,no
808,Zanamivir,ยาแผนปัจจุบัน,Zanamivir.nxml,exact,E,no
809,Zanubrutinib,ยาแผนปัจจุบัน,Zanubrutinib.nxml,exact,E*,no
810,Zepatier,ยาแผนปัจจุบัน,Zepatier.nxml,exact,C,no
811,Ziprasidone,ยาแผนปัจจุบัน,Ziprasidone.nxml,exact,D,no
812,Zolpidem,ยาแผนปัจจุบัน,Zolpidem.nxml,exact,E,no
813,Zonisamide,ยาแผนปัจจุบัน,Zonisamide.nxml,exact,D,yes
